,BHAC15,Siess2000,Dotter2008,Tognelli2011,Feiden2016,Feiden2016mag,Chen2014,Bressan2012
0,0.03051830515288184,,,,,0.08500000000000002,0.09,
1,0.03440455933357223,,,,,0.08499999999999999,0.09,
2,0.044941983684760586,,,,0.09,0.085,0.09,
3,0.02332388883077352,,,,,,0.09268289133395427,
4,0.02821056399799513,,,,,0.08500000000000002,0.09057996454889072,
5,0.04201475772739746,,,,,0.085,0.09,
6,0.04505353328527106,,,,0.09,0.085,0.09,
7,0.030962715182894944,,,,,0.085,0.09,
8,0.027063412165425658,,,,,,0.09113028710588772,
9,0.019312155031666497,,,,,,0.09217617632382584,
10,0.02590324750248939,,,,,,0.09168577291973529,
11,0.026678326690261368,,,,,,0.09131466569058892,
12,0.03973280461871852,,,,,0.085,0.09000000000000001,
13,0.04470636745312506,,,,0.09,0.085,0.09,
14,0.02548656120430623,,,,,,0.0918852819505306,
15,0.023877822024990312,,,,,,0.0926555448458243,
16,0.02437030737433478,,,,,,0.09241974329641646,
17,0.028265825653064985,,,,,0.085,0.09055341806187918,
18,0.039883998281953895,,,,,0.085,0.09,
19,0.02901080921647969,,,,,0.085,0.09019554429814566,
20,0.029252595126520703,,,,,0.08500000000000002,0.09007939565018422,
21,0.036942168654350765,,,,,0.085,0.09,
22,0.03497398458973279,,,,,0.085,0.09,
23,0.02676539307198648,,,,,,0.09127297838407422,
24,0.032486033309797484,,,,,0.085,0.09,
25,0.042864873145276594,,,,,0.085,0.09000000000000001,
26,0.02754197633778114,,,,,,0.09090113939635965,
27,0.04368094009487428,,,,,0.085,0.09,
28,0.032764047723854536,,,,,0.085,0.09,
29,0.037008638875203725,,,,,0.085,0.09,
30,0.022458520860082317,,,,,,0.09257723335948193,
31,0.03686567346167495,,,,,0.085,0.09,
32,0.04773083946879322,,0.1,,0.09,0.085,0.09,
33,0.02338924803702272,,,,,,0.09269087024252408,
34,0.026959970018366773,,,,,,0.09117981511435139,
35,0.036854447851385544,,,,,0.085,0.09,
36,0.03432323492332035,,,,,0.085,0.09,
37,0.0264167577808288,,,,,,0.09143990465293209,
38,0.02506484225353466,,,,,,0.09208720061093126,
39,0.03884373629845513,,,,,0.085,0.09,
40,0.034887703674450966,,,,,0.085,0.09,
41,0.034635983095984965,,,,,0.085,0.09,
42,0.033564868746055854,,,,,0.08500000000000002,0.09,
43,0.03441179602307797,,,,,0.085,0.09,
44,0.04598488676472787,,,,0.09,0.08500000000000002,0.09,
45,0.02669817217138615,,,,,,0.09130516369178998,
46,0.04611687559444474,,,,0.09,0.085,0.09,
47,0.04013747222746698,,,,,0.08500000000000002,0.09,
48,0.042511123300467364,,,,,0.08499999999999999,0.09,
49,0.03083234462942885,,,,,0.085,0.09,
50,0.034394498455630584,,,,,0.085,0.09,
51,0.02862189958420228,,,,,0.08500000000000002,0.0903823679553246,
52,0.025815879344865025,,,,,,0.09172760471628347,
53,0.04557265702176769,,,,0.09,0.085,0.09,
54,0.029689142015233712,,,,,0.085,0.09,
55,0.033424145338612814,,,,,0.085,0.09,
56,0.03933022142646278,,,,,0.085,0.09,
57,0.027198068292717707,,,,,,0.09106581387131336,
58,0.023867014675415972,,,,,,0.0926607193952358,
59,0.029668479690049137,,,,,0.085,0.09,
60,0.03722149564076648,,,,,0.085,0.09,
61,0.033943267473831834,,,,,0.085,0.09,
62,0.03595729336719634,,,,,0.085,0.09,
63,0.040840203393761675,,,,,0.08500000000000002,0.09,
64,0.043928360451845005,,,,0.09,0.085,0.09,
65,0.02390864204636884,,,,,,0.09264078824686454,
66,0.03730350384518388,,,,,0.085,0.08999999999999998,
67,0.035615650465729995,,,,,0.085,0.09,
68,0.026172906673179955,,,,,,0.0915566603474618,
69,0.03115270970403032,,,,,0.08499999999999999,0.09,
70,0.03770231887276613,,,,,0.085,0.09,
71,0.038958849022619015,,,,,0.085,0.09,
72,0.026156184648120598,,,,,,0.09156466683826094,
73,0.040117558479335555,,,,,0.085,0.09,
74,0.03609312680223085,,,,,0.085,0.09,
75,0.037735669393310856,,,,,0.085,0.09,
76,0.042576339223659235,,,,,0.085,0.09,
77,0.021878782363031393,,,,,,0.09250644295116912,
78,0.04205927607835648,,,,,0.08500000000000002,0.09,
79,0.039387276376310135,,,,,0.08500000000000002,0.09,
80,0.027163335281599907,,,,,,0.09108244400629723,
81,0.037193019560566046,,,,,0.085,0.09,
82,0.02653502956430939,,,,,,0.09138327622767421,
83,0.0237302563456298,,,,,,0.09272619916250388,
84,0.03662776340569776,,,,,0.085,0.09,
85,0.028473389810520052,,,,,0.08499999999999999,0.09045370879325568,
86,0.019637658123425918,,,,,,0.0922247477523208,
87,0.03498531142264691,,,,,0.085,0.09,
88,0.02818577673828236,,,,,0.085,0.09059187180478423,
89,0.037875833991073735,,,,,0.085,0.09000000000000001,
90,0.042689688216976135,,,,,0.085,0.09,
91,0.027866772193882502,,,,,,0.09074511459101324,
92,0.03172171276118096,,,,,0.085,0.09,
93,0.021291862676407532,,,,,,0.09243474936165086,
94,0.02753671178737462,,,,,,0.09090366837090469,
95,0.02548417427911412,,,,,,0.09188642480820011,
96,0.043426715390494766,,,,,0.08499999999999999,0.09,
97,0.028371248821133503,,,,,0.085,0.09050277508424294,
98,0.0294007533017087,,,,,0.085,0.09000822371245798,
99,0.029545494307167904,,,,,0.085,0.09,
100,0.032953723509566046,,,,,0.085,0.09,
101,0.029447073809942815,,,,,0.085,0.09,
102,0.029819607351602818,,,,,0.085,0.09,
103,0.029796497364322858,,,,,0.085,0.09,
104,0.027795132216923382,,,,,,0.0907795288646257,
105,0.05076090063476919,0.1,0.1,,0.09,0.08500000000000002,0.09,
106,0.03921085117661637,,,,,0.085,0.09,
107,0.02870777116727299,,,,,0.08499999999999999,0.09034111713028571,
108,0.03210021238306665,,,,,0.08499999999999999,0.09,
109,0.033165847196718876,,,,,0.085,0.09,
110,0.04053297170238557,,,,,0.085,0.08999999999999998,
111,0.02899305633326228,,,,,0.08500000000000002,0.09020407239385964,
112,0.03988711843788598,,,,,0.085,0.09,
113,0.03360913921258962,,,,,0.085,0.09,
114,0.043507777324830126,,,,,0.085,0.09,
115,0.02671794969025671,,,,,,0.0912956942332582,
116,0.027627291891039518,,,,,,0.09086015567584689,
117,0.0369495310602906,,,,,0.08500000000000002,0.09,
118,0.028511218179113087,,,,,0.085,0.09043553687469381,
119,0.0297677638849865,,,,,0.08499999999999999,0.09,
120,0.040777536170274756,,,,,0.085,0.09000000000000001,
121,0.04459546559575604,,,,0.09,0.085,0.09,
122,0.04229465096804892,,,,,0.085,0.08999999999999998,
123,0.03371259790020583,,,,,0.085,0.09,
124,0.026197973445599047,,,,,,0.09154465839901209,
125,0.04432598185515013,,,,0.09,0.08500000000000002,0.09,
126,0.023447403500626365,,,,,,0.09269796973398917,
127,0.0226504349634725,,,,,,0.09260066393433411,
128,0.036937683517324335,,,,,0.08500000000000002,0.09,
129,0.041807015651639,,,,,0.085,0.09,
130,0.03278939346026565,,,,,0.085,0.09,
131,0.04405960223782432,,,,0.09,0.08499999999999999,0.09,
132,0.02690428728384583,,,,,,0.0912064759583598,
133,0.03975867944124926,,,,,0.085,0.09,
134,0.04953667005418286,0.1,0.1,,0.09,0.085,0.09,
135,0.04191458668309572,,,,,0.085,0.09,
136,0.0409282919539655,,,,,0.085,0.09,
137,0.032898706934177985,,,,,0.085,0.09,
138,0.03557913367518173,,,,,0.085,0.09,
139,0.02494978872502486,,,,,,0.09214228813855732,
140,0.027125683197847694,,,,,,0.09110047179067503,
141,0.021563873445498982,,,,,,0.09246798365769741,
142,0.03441786647131431,,,,,0.08499999999999999,0.09,
143,0.043594501661285395,,,,,0.08500000000000002,0.09,
144,0.02909692548674221,,,,,0.085,0.09015417593074668,
145,0.03856305600743997,,,,,0.085,0.09,
146,0.02831512297990508,,,,,0.085,0.09052973670733036,
147,0.03585521487521958,,,,,0.08499999999999999,0.09,
148,0.03340346804639399,,,,,0.085,0.09,
149,0.04327993669134792,,,,,0.08500000000000002,0.09000000000000001,
150,0.026159817573620275,,,,,,0.09156292739674687,
151,0.02907574418796754,,,,,0.085,0.09016435096209705,
152,0.035241279913387415,,,,,0.08499999999999999,0.09,
153,0.04462927084884526,,,,0.09,0.085,0.09,
154,0.029040946081845823,,,,,0.085,0.09018106720903207,
155,0.047164006357482295,,0.1,,0.09,0.08500000000000002,0.09,
156,0.029479786927754704,,,,,0.08500000000000002,0.09000000000000001,
157,0.0373180248204539,,,,,0.085,0.09000000000000001,
158,0.04393669713875016,,,,0.09,0.085,0.09,
159,0.026746183778337856,,,,,,0.09128217577687261,
160,0.02604227744002973,,,,,,0.09161920550868492,
161,0.03845140955332984,,,,,0.085,0.09,
162,0.024559639895334842,,,,,,0.09232909105292428,
163,0.027978263367359247,,,,,,0.09069155667667175,
164,0.025677479190478417,,,,,,0.09179387058771718,
165,0.030670688170630997,,,,,0.085,0.09,
166,0.043762462055189716,,,,0.09,0.08499999999999999,0.09,
167,0.04043218524127587,,,,,0.085,0.09,
168,0.03333919772377072,,,,,0.08499999999999999,0.09,
169,0.035520518911260845,,,,,0.08500000000000002,0.09,
170,0.030059416229959106,,,,,0.085,0.09,
171,0.026469104639866042,,,,,,0.09141484102315298,
172,0.034467532335398565,,,,,0.085,0.09,
173,0.027067456574271183,,,,,,0.09112835064651187,
174,0.0373130072817485,,,,,0.08499999999999999,0.09,
175,0.026273946339134206,,,,,,0.0915082826448248,
176,0.02768578842145303,,,,,,0.09083205522567254,
177,0.04256400841908883,,,,,0.085,0.09,
178,0.03076335374719729,,,,,0.085,0.09,
179,0.024891851624718464,,,,,,0.09217002837090868,
180,0.04112551488704154,,,,,0.08500000000000002,0.09,
181,0.03291650206227724,,,,,0.085,0.09,
182,0.03173909248040644,,,,,0.085,0.09,
183,0.03441038304906044,,,,,0.085,0.09,
184,0.02934777008428357,,,,,0.085,0.0900336756879992,
185,0.020042116291004684,,,,,,0.09228389112102511,
186,0.026367263908891717,,,,,,0.0914636022750126,
187,0.03054282250700347,,,,,0.085,0.09,
188,0.04160802986499893,,,,,0.08499999999999999,0.09,
189,0.028507207758376167,,,,,0.085,0.09043746339285309,
190,0.039225594746622905,,,,,0.085,0.09,
191,0.027777824077120306,,,,,,0.09078784331535823,
192,0.04092961078138626,,,,,0.085,0.09,
193,0.03565828716358797,,,,,0.085,0.09,
194,0.03390057799187074,,,,,0.08499999999999999,0.09,
195,0.03393459556977131,,,,,0.085,0.09,
196,0.03500260087178145,,,,,0.085,0.09,
197,0.041439147230626965,,,,,0.085,0.09,
198,0.04032976584166062,,,,,0.085,0.09,
199,0.0238767310458806,,,,,,0.0926560672056565,
200,0.046496602700594775,,,,0.09,0.08500000000000002,0.09,
201,0.028322502352209924,,,,,0.085,0.09052619181873092,
202,0.041565483477969865,,,,,0.085,0.09,
203,0.04520949267399515,,,,0.09,0.085,0.09,
204,0.026051884118926154,,,,,,0.0916146058393314,
205,0.028731265694651183,,,,,0.085,0.09032983087465152,
206,0.038015879827912186,,,,,0.085,0.09,
207,0.026021080228891824,,,,,,0.09162935471461786,
208,0.03597482156880997,,,,,0.08499999999999999,0.09,
209,0.03219816261787989,,,,,0.085,0.09,
210,0.04470693397177107,,,,0.09,0.08499999999999999,0.09,
211,0.03883073985915014,,,,,0.085,0.09,
212,0.04115521465556204,,,,,0.085,0.09,
213,0.04516118111130148,,,,0.09,0.08500000000000002,0.09,
214,0.04771354367057692,,0.1,,0.09,0.085,0.09,
215,0.0375956558655374,,,,,0.085,0.09,
216,0.034364157309700875,,,,,0.08500000000000002,0.09,
217,0.037350918568787944,,,,,0.085,0.09,
218,0.04163448885017386,,,,,0.085,0.09,
219,0.04393800429783182,,,,0.09,0.085,0.09,
220,0.03452406677039588,,,,,0.085,0.09,
221,0.03316876794578868,,,,,0.085,0.09,
222,0.04330772130429396,,,,,0.085,0.09000000000000001,
223,0.02570949256544592,,,,,,0.09177854261211513,
224,0.02937318710300699,,,,,0.085,0.09002146590968982,
225,0.04217960447080166,,,,,0.085,0.09,
226,0.04236496056700837,,,,,0.085,0.09,
227,0.027167409704262797,,,,,,0.09108049317633218,
228,0.03292398881171297,,,,,0.085,0.09,
229,0.027830724482754452,,,,,,0.09076243112078503,
230,0.03730236375388235,,,,,0.085,0.09,
231,0.04223188682669776,,,,,0.085,0.09,
232,0.03895361386520316,,,,,0.085,0.09,
233,0.0422429179820516,,,,,0.08499999999999999,0.09,
234,0.026941165476345605,,,,,,0.09118881871242876,
235,0.029417558682639802,,,,,0.085,0.09000015077606027,
236,0.024040814448767225,,,,,,0.09257750421757113,
237,0.027541893923235628,,,,,,0.09090117898649966,
238,0.03830761590179222,,,,,0.08500000000000002,0.09,
239,0.030594353118913384,,,,,0.08500000000000002,0.09,
240,0.04119195502611142,,,,,0.085,0.09000000000000001,
241,0.0372511516127638,,,,,0.085,0.09,
242,0.024270324302970395,,,,,,0.09246761510249896,
243,0.04028135147282886,,,,,0.085,0.09,
244,0.03684691097230514,,,,,0.085,0.09,
245,0.028450980672275576,,,,,0.085,0.09046447365175647,
246,0.023164550697058115,,,,,,0.09266343968400981,
247,0.02063477062782742,,,,,,0.0923553039963194,
248,0.025918742945907118,,,,,,0.0916783537151406,
249,0.03982852710868236,,,,,0.08500000000000002,0.09,
250,0.04220805161788896,,,,,0.085,0.09,
251,0.03224366997718011,,,,,0.085,0.09,
252,0.03457676782518268,,,,,0.085,0.09,
253,0.01814984501970817,,,,,,0.09200273693395843,
254,0.031274892704307396,,,,,0.085,0.09,
255,0.0258687239405017,,,,,,0.09170230277066103,
256,0.036594668259112506,,,,,0.085,0.09,
257,0.02947756987483902,,,,,0.085,0.09,
258,0.02255864257850896,,,,,,0.09258945710633788,
259,0.038919002328609224,,,,,0.08500000000000002,0.09,
260,0.031642267998238695,,,,,0.085,0.09,
261,0.02927460135869487,,,,,0.085,0.09006882433892244,
262,0.025454041857918636,,,,,,0.09190085218480079,
263,0.02810904824769371,,,,,,0.09062873048873518,
264,0.03434354171183135,,,,,0.085,0.09,
265,0.03085649478665137,,,,,0.085,0.09,
266,0.03878236131949581,,,,,0.08499999999999999,0.09,
267,0.0412841470649459,,,,,0.085,0.09,
268,0.04009588995345848,,,,,0.085,0.09,
269,0.024970145961560313,,,,,,0.09213254111172069,
270,0.036365707680647834,,,,,0.085,0.09,
271,0.034442862906466046,,,,,0.085,0.09,
272,0.0294113224381175,,,,,0.085,0.09000314653114583,
273,0.04074105685826465,,,,,0.085,0.09,
274,0.031834523144241476,,,,,0.085,0.09,
275,0.02689432281321228,,,,,,0.09121124693808041,
276,0.04083677711606131,,,,,0.08500000000000002,0.09,
277,0.03426795502868083,,,,,0.08500000000000002,0.09,
278,0.029901282121136623,,,,,0.085,0.09,
279,0.02863617044453972,,,,,0.085,0.09037551254702907,
280,0.029540982641522055,,,,,0.085,0.09,
281,0.026304581211913463,,,,,,0.09149361469485051,
282,0.04453051714588446,,,,0.09,0.085,0.09,
283,0.03684557587352664,,,,,0.085,0.09,
284,0.027330829113391658,,,,,,0.09100224810787036,
285,0.04425008380308412,,,,0.09,0.085,0.09,
286,0.03307931294989477,,,,,0.085,0.09,
287,0.027688401410189422,,,,,,0.0908308000031957,
288,0.038141915320154346,,,,,0.085,0.09,
289,0.044958865876410736,,,,0.09,0.085,0.08999999999999998,
290,0.038975765182527045,,,,,0.085,0.09,
291,0.036544924604866726,,,,,0.08499999999999999,0.09,
292,0.02961499090742863,,,,,0.085,0.09,
293,0.034711727450608076,,,,,0.08499999999999999,0.09,
294,0.03862895387568637,,,,,0.085,0.09,
295,0.0423181741057415,,,,,0.085,0.08999999999999998,
296,0.036667729210749345,,,,,0.085,0.09,
297,0.026486779735339427,,,,,,0.09140637820308306,
298,0.028230760148523718,,,,,0.085,0.09057026276114996,
299,0.029319971304553837,,,,,0.085,0.09004702961205557,
300,0.027041951995685497,,,,,,0.09114056221616669,
301,0.026737586962682594,,,,,,0.0912862919246,
302,0.02866201733339029,,,,,0.085,0.09036309626853917,
303,0.030930976338535237,,,,,0.08500000000000002,0.09,
304,0.0363852972134714,,,,,0.085,0.09,
305,0.027940868104612736,,,,,,0.09070952054068449,
306,0.030306881127379063,,,,,0.08499999999999999,0.09,
307,0.03103972927887051,,,,,0.085,0.09,
308,0.03990079046926662,,,,,0.085,0.09,
309,0.03015213985092039,,,,,0.08500000000000002,0.09,
310,0.03880488879081103,,,,,0.085,0.09,
311,0.03323779497156906,,,,,0.085,0.09,
312,0.03822142901512875,,,,,0.085,0.09,
313,0.037816968920646156,,,,,0.085,0.08999999999999998,
314,0.025329672273579677,,,,,,0.09196040023171298,
315,0.028860003372916613,,,,,0.085,0.09026798811768653,
316,0.02967031019837677,,,,,0.08500000000000002,0.09,
317,0.017786718768002904,,,,,,0.09194855139404859,
318,0.04174896566688487,,,,,0.085,0.09,
319,0.030588329017322818,,,,,0.085,0.09,
320,0.04007731772995952,,,,,0.08499999999999999,0.09,
321,0.0399265528661316,,,,,0.085,0.09,
322,0.03337431955225711,,,,,0.085,0.09,
323,0.04318463896755233,,,,,0.085,0.09,
324,0.02918496689046783,,,,,0.08500000000000002,0.09011188277145703,
325,0.02799478960187328,,,,,,0.09068361783609012,
326,0.029365689033827927,,,,,0.085,0.09002506781766419,
327,0.02107640809724962,,,,,,0.09240851984166057,
328,0.029512301051339233,,,,,0.085,0.09,
329,0.021798887772452383,,,,,,0.0924966867083485,
330,0.03457025812705088,,,,,0.085,0.09,
331,0.03720652758799752,,,,,0.085,0.09,
332,0.03002662333649625,,,,,0.08500000000000002,0.09,
333,0.026119566772296394,,,,,,0.09158219944479809,
334,0.04401537812693926,,,,0.09,0.085,0.09,
335,0.019649220611575872,,,,,,0.09222647310172796,
336,0.028887741091168866,,,,,0.08500000000000002,0.09025466352622466,
337,0.028228115979682285,,,,,0.085,0.0905715329618654,
338,0.022434992945949805,,,,,,0.09257436086317519,
339,0.04190584356030924,,,,,0.085,0.09,
340,0.032853608877674696,,,,,0.085,0.09,
341,0.049208672948701015,0.1,0.1,,0.09,0.08500000000000002,0.09,
342,0.041136666964264566,,,,,0.085,0.09,
343,0.03646334753918453,,,,,0.085,0.09,
344,0.030459514969499786,,,,,0.085,0.09,
345,0.019394117417284966,,,,,,0.09218840671503599,
346,0.02646900218573183,,,,,,0.09141489007810175,
347,0.046765765053575416,,0.1,,0.09,0.085,0.09,
348,0.040949395750152606,,,,,0.08499999999999999,0.09,
349,0.0308647742798488,,,,,0.08500000000000002,0.09,
350,0.03606439998658594,,,,,0.085,0.09,
351,0.03236905813082726,,,,,0.08500000000000002,0.09,
352,0.04522218911452938,,,,0.09,0.085,0.09,
353,0.032856352276163396,,,,,0.085,0.09,
354,0.026423495611958968,,,,,,0.09143667858535007,
355,0.0322483595109796,,,,,0.08500000000000002,0.09,
356,0.024510508624252032,,,,,,0.09235261506203667,
357,0.03289832409428936,,,,,0.08500000000000002,0.09,
358,0.02314009275666657,,,,,,0.09266045391228168,
359,0.01745773395020446,,,,,,0.09189944032699451,
360,0.04328053614320736,,,,,0.08499999999999999,0.09,
361,0.026990526389755597,,,,,,0.09116518475077336,
362,0.03911848752598117,,,,,0.085,0.09,
363,0.033320963574578456,,,,,0.085,0.09,
364,0.030296844765989372,,,,,0.085,0.09,
365,0.02177610835924354,,,,,,0.09249390502457032,
366,0.041522640110019625,,,,,0.085,0.09,
367,0.03346285913393959,,,,,0.08499999999999999,0.09,
368,0.04092971523105369,,,,,0.085,0.09,
369,0.04076051730068064,,,,,0.085,0.09,
370,0.049557630289500214,0.1,0.1,,0.09,0.08499999999999999,0.09,
371,0.03573032997366337,,,,,0.08500000000000002,0.09,
372,0.024982704884741243,,,,,,0.09212652791041652,
373,0.027679506640075836,,,,,,0.09083507285566442,
374,0.041544757674627134,,,,,0.085,0.09,
375,0.027541627428814185,,,,,,0.09090130700457455,
376,0.02572470846760429,,,,,,0.09177125725162805,
377,0.029394953524962616,,,,,0.08500000000000002,0.09001100979799714,
378,0.03925669326870314,,,,,0.085,0.09,
379,0.04541189166824589,,,,0.09,0.08499999999999999,0.09,
380,0.019791845026412035,,,,,,0.0922477554543144,
381,0.030427279496214796,,,,,0.085,0.09,
382,0.042748136971074074,,,,,0.085,0.09,
383,0.026603595757248022,,,,,,0.0913504467951775,
384,0.02608729940538214,,,,,,0.09159764903151944,
385,0.04508654435545984,,,,0.09,0.085,0.09,
386,0.036384992485811916,,,,,0.085,0.09,
387,0.02776075382239902,,,,,,0.09079604349131512,
388,0.03782662244939776,,,,,0.08500000000000002,0.09,
389,0.0403531921127971,,,,,0.085,0.09,
390,0.02852891299185293,,,,,0.085,0.09042703667476358,
391,0.03752153815262088,,,,,0.085,0.09,
392,0.03142231469719732,,,,,0.085,0.09,
393,0.03840753563358709,,,,,0.085,0.09,
394,0.04084310026992503,,,,,0.08499999999999999,0.09,
395,0.03717647662425928,,,,,0.085,0.09,
396,0.03423199871968011,,,,,0.08499999999999999,0.09,
397,0.048947823973504695,0.1,0.1,,0.09,0.085,0.09,
398,0.03748487540687752,,,,,0.085,0.09,
399,0.031668860597539344,,,,,0.085,0.09,
400,0.02141174366357853,,,,,,0.09244939723269212,
401,0.030367134676332348,,,,,0.085,0.09,
402,0.03537044745556989,,,,,0.085,0.09,
403,0.029600572481402465,,,,,0.085,0.09,
404,0.037373990531402564,,,,,0.085,0.09,
405,0.027653342165509943,,,,,,0.09084764169536617,
406,0.024814879006987214,,,,,,0.09220688279215628,
407,0.01910789817199096,,,,,,0.09214569720486979,
408,0.043097443492795914,,,,,0.085,0.09000000000000001,
409,0.036911148018693926,,,,,0.085,0.09,
410,0.03500201432974569,,,,,0.085,0.09,
411,0.02771140056955007,,,,,,0.09081975171149194,
412,0.03734599234351146,,,,,0.08500000000000002,0.09,
413,0.03195210028379402,,,,,0.085,0.09,
414,0.022927330503293895,,,,,,0.09263448036296565,
415,0.022888894209650325,,,,,,0.0926297881445263,
416,0.023111436401570727,,,,,,0.09265695560729341,
417,0.03219373963960432,,,,,0.085,0.09,
418,0.03392164826079727,,,,,0.08499999999999999,0.09,
419,0.03233246315904759,,,,,0.08500000000000002,0.09,
420,0.03728710561855941,,,,,0.085,0.09,
421,0.037688689868061294,,,,,0.085,0.09,
422,0.030738839912225983,,,,,0.085,0.09,
423,0.03613415220468164,,,,,0.08499999999999999,0.09,
424,0.03463598838412238,,,,,0.085,0.09,
425,0.039751689202900634,,,,,0.085,0.09,
426,0.029965806580667286,,,,,0.085,0.09,
427,0.03684906172456306,,,,,0.085,0.09,
428,0.03861882948671276,,,,,0.085,0.09,
429,0.03802495667783505,,,,,0.085,0.09,
430,0.03437276307918005,,,,,0.085,0.09,
431,0.036436064877872744,,,,,0.085,0.09,
432,0.04037311945884853,,,,,0.085,0.09,
433,0.0422703193468107,,,,,0.08500000000000002,0.09000000000000001,
434,0.025658422576190335,,,,,,0.09180299487777287,
435,0.036639421768516985,,,,,0.085,0.09,
436,0.03559666306852459,,,,,0.085,0.09,
437,0.0441430869511678,,,,0.09,0.08500000000000002,0.09,
438,0.04272537228567432,,,,,0.085,0.09,
439,0.041049077651229324,,,,,0.085,0.09,
440,0.0434016576183812,,,,,0.08499999999999999,0.09000000000000001,
441,0.03615770713740359,,,,,0.085,0.09,
442,0.026701975934917722,,,,,,0.09130334245317745,
443,0.021737962826888082,,,,,,0.0924892469235214,
444,0.026463662172432994,,,,,,0.09141744687174325,
445,0.04078378113571544,,,,,0.085,0.09,
446,0.046572460881078144,,0.1,,0.09,0.085,0.09,
447,0.025637937042982277,,,,,,0.09181280333294282,
448,0.026736518268388774,,,,,,0.0912868036144821,
449,0.02788551598084386,,,,,,0.09073611048687472,
450,0.03316203422383804,,,,,0.085,0.09,
451,0.025500894203392674,,,,,,0.09187841932325298,
452,0.025120056065553814,,,,,,0.09206076428660169,
453,0.035211620395824844,,,,,0.085,0.09,
454,0.0404334507742766,,,,,0.08500000000000002,0.09,
455,0.0429416845006034,,,,,0.08500000000000002,0.09,
456,0.03204456508045554,,,,,0.085,0.09,
457,0.020945607489500376,,,,,,0.09239275880371778,
458,0.027082178848378526,,,,,,0.09112130163469875,
459,0.026007073176759557,,,,,,0.0916360612787823,
460,0.029999362971279177,,,,,0.085,0.09,
461,0.02743707449256699,,,,,,0.09095137791435026,
462,0.04370116994880324,,,,0.09,0.085,0.09,
463,0.031125486829721466,,,,,0.085,0.09,
464,0.03083522504797053,,,,,0.085,0.09,
465,0.04718269639257561,,0.1,,0.09,0.085,0.09,
466,0.030309934822112077,,,,,0.08500000000000002,0.09,
467,0.02906252261621934,,,,,0.085,0.09017070231516894,
468,0.03469671679586503,,,,,0.085,0.09,
469,0.03762098052059973,,,,,0.085,0.09,
470,0.029762380874299506,,,,,0.085,0.09,
471,0.048104634981913245,,0.1,,0.09,0.085,0.09,
472,0.033826627028935186,,,,,0.08500000000000002,0.09,
473,0.02348220281243165,,,,,,0.0927022179576614,
474,0.033703348796107015,,,,,0.08500000000000002,0.09,
475,0.022911840618620574,,,,,,0.09263258939181328,
476,0.027599238826159705,,,,,,0.09087363175291198,
477,0.04121349891018564,,,,,0.08500000000000002,0.09,
478,0.024419461384651668,,,,,,0.0923962083997789,
479,0.04089313710167177,,,,,0.085,0.09,
480,0.04183404677411891,,,,,0.085,0.09,
481,0.02806744209215955,,,,,,0.0906487171732833,
482,0.029197287467594993,,,,,0.08500000000000002,0.09010596423643907,
483,0.04472850281056452,,,,0.09,0.08499999999999999,0.09,
484,0.025114199195682682,,,,,,0.09206356855071256,
485,0.04087000564345365,,,,,0.085,0.09,
486,0.02817074894647556,,,,,,0.09059909082635548,
487,0.03434842027862177,,,,,0.085,0.09,
488,0.02536580389130224,,,,,,0.09194310044512456,
489,0.024512805277296983,,,,,,0.09235151542659134,
490,0.03395700262343803,,,,,0.085,0.09,
491,0.03444496719125556,,,,,0.085,0.09,
492,0.03573554613226976,,,,,0.085,0.09,
493,0.022868932799042188,,,,,,0.09262735129929354,
494,0.04003333004344656,,,,,0.08500000000000002,0.09,
495,0.025608109820600553,,,,,,0.09182708458062158,
496,0.030540898129627472,,,,,0.085,0.09,
497,0.03736729741195196,,,,,0.08500000000000002,0.09,
498,0.04112668804730612,,,,,0.08499999999999999,0.09,
499,0.034481631449479674,,,,,0.08500000000000002,0.09,
500,0.025480891736037972,,,,,,0.09188799648691987,
501,0.038287338929184664,,,,,0.085,0.09,
502,0.03183990868794455,,,,,0.085,0.09,
503,0.04350974411961188,,,,,0.085,0.09,
504,0.026897225193123916,,,,,,0.09120985728114739,
505,0.03665905313035421,,,,,0.085,0.09,
506,0.029892719979199966,,,,,0.085,0.09,
507,0.04289795299233395,,,,,0.085,0.09,
508,0.04106965791153899,,,,,0.085,0.08999999999999998,
509,0.025716709354592686,,,,,,0.09177508721985866,
510,0.04009137716382438,,,,,0.08499999999999999,0.09,
511,0.026785946136431024,,,,,,0.09126313759500801,
512,0.02635173637018615,,,,,,0.0914710368468027,
513,0.03491332927285942,,,,,0.08500000000000002,0.09,
514,0.03955740544845172,,,,,0.08499999999999999,0.09,
515,0.045430983491460214,,,,0.09,0.085,0.09,
516,0.021780653895892843,,,,,,0.09249446009793608,
517,0.021971250519839877,,,,,,0.09251773460163584,
518,0.01721702424110781,,,,,,0.09186318477521166,
519,0.034301849168458805,,,,,0.085,0.09,
520,0.033849002366707306,,,,,0.08500000000000002,0.09,
521,0.02823087886281404,,,,,0.085,0.09057020573340872,
522,0.03860893000342712,,,,,0.085,0.09,
523,0.04293556110287002,,,,,0.085,0.09,
524,0.023562167889063786,,,,,,0.09271195422998232,
525,0.02452179324446755,,,,,,0.09234721199586457,
526,0.025599390278689897,,,,,,0.09183125948957144,
527,0.0329608942188654,,,,,0.085,0.09,
528,0.03440336981712799,,,,,0.085,0.09,
529,0.03337592266341627,,,,,0.08500000000000002,0.09,
530,0.029733453206831687,,,,,0.08500000000000002,0.09,
531,0.02731632159068523,,,,,,0.0910091942969028,
532,0.031477054655302816,,,,,0.085,0.09,
533,0.033292190428195347,,,,,0.08499999999999999,0.09,
534,0.04281076392739565,,,,,0.085,0.09,
535,0.029771226527633192,,,,,0.085,0.09,
536,0.03035132833371644,,,,,0.085,0.09,
537,0.028356890498162878,,,,,0.085,0.09050967250766907,
538,0.02710532908767313,,,,,,0.09111021732061286,
539,0.03994426364673097,,,,,0.085,0.09,
540,0.03769823251531074,,,,,0.085,0.09,
541,0.029772900511883825,,,,,0.08500000000000002,0.09,
542,0.05052094857679912,0.1,0.1,,0.09,0.08500000000000002,0.09,
543,0.03688787167516581,,,,,0.08499999999999999,0.09,
544,0.03699313900275074,,,,,0.085,0.09,
545,0.02996735358345079,,,,,0.085,0.09,
546,0.04024693121030787,,,,,0.08500000000000002,0.09,
547,0.03971159222289717,,,,,0.08499999999999999,0.09,
548,0.027158303449860234,,,,,,0.09108485324288092,
549,0.028566685833214263,,,,,0.085,0.09040889143026593,
550,0.027035355271549828,,,,,,0.09114372072184465,
551,0.025056114711281795,,,,,,0.09209137935043792,
552,0.034569759310807566,,,,,0.08499999999999999,0.09,
553,0.042397727630416035,,,,,0.085,0.09,
554,0.0279704751844673,,,,,,0.09069529794891057,
555,0.043499242790744214,,,,,0.08499999999999999,0.09,
556,0.029233318733312978,,,,,0.085,0.09008865560668156,
557,0.04094176745232287,,,,,0.085,0.09,
558,0.0410568556724599,,,,,0.085,0.09,
559,0.03850518622752407,,,,,0.08499999999999999,0.09,
560,0.03810337314245424,,,,,0.085,0.09,
561,0.028346939868891502,,,,,0.085,0.09051445257171847,
562,0.03508405389760557,,,,,0.085,0.09,
563,0.04633819748982443,,,,0.09,0.085,0.09,
564,0.046587487578604904,,0.1,,0.09,0.08500000000000002,0.09,
565,0.041383189022190646,,,,,0.085,0.09,
566,0.02997603931535787,,,,,0.085,0.09,
567,0.04019556503194152,,,,,0.085,0.09,
568,0.02778986350853084,,,,,,0.09078205983657602,
569,0.03973368757108328,,,,,0.085,0.09,
570,0.04254363210226135,,,,,0.085,0.09,
571,0.04032653817553894,,,,,0.085,0.09,
572,0.04280619251211218,,,,,0.085,0.09,
573,0.04261138741124805,,,,,0.085,0.09,
574,0.029678829347107267,,,,,0.08500000000000002,0.09,
575,0.027258760024844404,,,,,,0.09103675472368436,
576,0.03955213517443471,,,,,0.085,0.09,
577,0.02969167885094176,,,,,0.08499999999999999,0.09,
578,0.027900333822795702,,,,,,0.09072899232060885,
579,0.031560003969628325,,,,,0.085,0.09,
580,0.03475797998328997,,,,,0.085,0.09,
581,0.019761507548480255,,,,,,0.09224322850917205,
582,0.037380990638875865,,,,,0.085,0.09,
583,0.037393733908032814,,,,,0.085,0.09,
584,0.02472187344719088,,,,,,0.09225141377187518,
585,0.04121568188984906,,,,,0.08500000000000002,0.09,
586,0.019958901307771473,,,,,,0.09227268351930092,
587,0.041061920997991795,,,,,0.085,0.09000000000000001,
588,0.033113759241880446,,,,,0.085,0.09,
589,0.04737461922066595,,0.1,,0.09,0.085,0.09,
590,0.0335833960950561,,,,,0.08500000000000002,0.09,
591,0.03289437852263198,,,,,0.085,0.09,
592,0.0352896630475177,,,,,0.085,0.09,
593,0.025494712116416206,,,,,,0.09188137930102605,
594,0.03361121598134748,,,,,0.085,0.09,
595,0.03790175908368088,,,,,0.085,0.09,
596,0.03726911699562404,,,,,0.08500000000000002,0.09,
597,0.045417894007087754,,,,0.09,0.085,0.09,
598,0.030891410639335842,,,,,0.08500000000000002,0.09,
599,0.02819957023811139,,,,,0.085,0.09058524571000673,
600,0.050808676469455985,0.1,0.1,,0.09,0.085,0.09,
601,0.029279595118744735,,,,,0.085,0.09006642544612535,
602,0.04645918144325149,,,,0.09,0.08499999999999999,0.09,
603,0.030623110824006733,,,,,0.085,0.09,
604,0.034277966996691576,,,,,0.08499999999999999,0.09,
605,0.027734258308135334,,,,,,0.09080877135522683,
606,0.046184619626653524,,,,0.09,0.085,0.09,
607,0.044595165303388924,,,,0.09,0.085,0.09,
608,0.04024611111852751,,,,,0.085,0.09,
609,0.04063397244961904,,,,,0.08500000000000002,0.09,
610,0.035202172876210115,,,,,0.085,0.09,
611,0.029844402053164687,,,,,0.085,0.09,
612,0.024415307522042563,,,,,,0.09239819726551991,
613,0.034475935911779186,,,,,0.08500000000000002,0.09,
614,0.038741860588206736,,,,,0.08499999999999999,0.09,
615,0.03377407294841597,,,,,0.085,0.09,
616,0.03545307715725047,,,,,0.08499999999999999,0.09,
617,0.029456787882896133,,,,,0.085,0.09,
618,0.024703950696011452,,,,,,0.09225999516927792,
619,0.04402523804214509,,,,0.09,0.08499999999999999,0.09,
620,0.02685926108008343,,,,,,0.09122803446487227,
621,0.025173670762103327,,,,,,0.09203509361734376,
622,0.04469671737572829,,,,0.09,0.08499999999999999,0.09,
623,0.03489320511741062,,,,,0.085,0.09,
624,0.04089283071033197,,,,,0.08500000000000002,0.09,
625,0.03164282515104872,,,,,0.085,0.09,
626,0.029123206732720557,,,,,0.085,0.09014155099661958,
627,0.041723667727020824,,,,,0.08499999999999999,0.09,
628,0.03041661513627943,,,,,0.085,0.09,
629,0.034961974094969296,,,,,0.085,0.09,
630,0.027714739315696416,,,,,,0.09081814785107378,
631,0.022068407278795388,,,,,,0.09252959879575919,
632,0.04044079577720168,,,,,0.085,0.09,
633,0.03437257755793551,,,,,0.085,0.09,
634,0.03638000499723845,,,,,0.085,0.09,
635,0.03352298009387214,,,,,0.085,0.09,
636,0.03431608786665456,,,,,0.085,0.09,
637,0.0359356353923487,,,,,0.08499999999999999,0.09,
638,0.03328311775426842,,,,,0.085,0.09,
639,0.040340370735591366,,,,,0.085,0.09,
640,0.02215235929713768,,,,,,0.09253985050704898,
641,0.0387236920128486,,,,,0.085,0.09,
642,0.03187381272150034,,,,,0.085,0.09,
643,0.026547171184321764,,,,,,0.09137746283075784,
644,0.04385934107887894,,,,0.09,0.08500000000000002,0.09,
645,0.03459454383638648,,,,,0.085,0.09,
646,0.042049361894596016,,,,,0.085,0.09,
647,0.04600592970855666,,,,0.09,0.085,0.09,
648,0.04324279224931395,,,,,0.08499999999999999,0.09,
649,0.03532496721903995,,,,,0.085,0.09,
650,0.025354983186994057,,,,,,0.09194828138877079,
651,0.04670891926815392,,0.1,,0.09,0.08500000000000002,0.09,
652,0.03304548570186594,,,,,0.08499999999999999,0.09,
653,0.02791948783098848,,,,,,0.09071979115518836,
654,0.04746866476870364,,0.1,,0.09,0.085,0.09,
655,0.04505394458311582,,,,0.09,0.085,0.09,
656,0.026752732950055973,,,,,,0.09127904003925014,
657,0.03861151014213971,,,,,0.085,0.09,
658,0.02735248978773991,,,,,,0.09099187699616251,
659,0.038785219881989214,,,,,0.08499999999999999,0.09,
660,0.040644885229748726,,,,,0.085,0.09000000000000001,
661,0.02425086749500048,,,,,,0.0924769310049353,
662,0.037110728581310246,,,,,0.08499999999999999,0.09,
663,0.030994153130440343,,,,,0.085,0.09,
664,0.0377137655199201,,,,,0.08500000000000002,0.09,
665,0.03317614040159955,,,,,0.08499999999999999,0.09,
666,0.041718461963075854,,,,,0.085,0.09,
667,0.03949259460525981,,,,,0.085,0.09,
668,0.022747995681112777,,,,,,0.09261257707192627,
669,0.02263995511374095,,,,,,0.09259938446138641,
670,0.04111424572580318,,,,,0.085,0.09,
671,0.02925440628548609,,,,,0.08499999999999999,0.09007852560914238,
672,0.046811366860587914,,0.1,,0.09,0.085,0.09,
673,0.04370992177049109,,,,0.09,0.085,0.09,
674,0.032591048169599235,,,,,0.08499999999999999,0.09,
675,0.03671129749721865,,,,,0.08499999999999999,0.09,
676,0.025119728103657084,,,,,,0.09206092131446761,
677,0.04055742272153064,,,,,0.085,0.09,
678,0.04030909984185263,,,,,0.085,0.09,
679,0.024303681759434273,,,,,,0.09245164358186596,
680,0.03575489998899094,,,,,0.085,0.09,
681,0.041370004191445056,,,,,0.085,0.09,
682,0.04355520391352451,,,,,0.08499999999999999,0.09,
683,0.03766540961599944,,,,,0.085,0.09,
684,0.035216980352214794,,,,,0.085,0.09,
685,0.04995090392445493,0.1,0.1,,0.09,0.085,0.09,
686,0.028991935256771396,,,,,0.08500000000000002,0.09020461093441667,
687,0.038661687782715067,,,,,0.085,0.09,
688,0.023484624144801042,,,,,,0.09270251354860726,
689,0.033032816769497264,,,,,0.085,0.09,
690,0.03182202091181522,,,,,0.085,0.09,
691,0.029756873221729617,,,,,0.085,0.09,
692,0.03129628552847158,,,,,0.085,0.09,
693,0.024656251310792375,,,,,,0.09228283359270603,
694,0.02691504610754234,,,,,,0.09120132464309566,
695,0.026193830066967048,,,,,,0.09154664224503412,
696,0.04008577584479694,,,,,0.085,0.09000000000000001,
697,0.04938871557506639,0.1,0.1,,0.09,0.08499999999999999,0.09,
698,0.0383856942187198,,,,,0.085,0.09,
699,0.022159589500675203,,,,,,0.09254073341565189,
700,0.0524294326840512,0.1,0.1,,0.09,0.085,0.09,
701,0.026707328117624912,,,,,,0.09130077983283402,
702,0.02622277810576296,,,,,,0.09153278194967816,
703,0.01976796641788832,,,,,,0.0922441922988304,
704,0.037400699353268944,,,,,0.085,0.09,
705,0.04940186013366349,0.1,0.1,,0.09,0.085,0.09,
706,0.02869348676758007,,,,,0.085,0.09034797904259068,
707,0.04102038305051935,,,,,0.085,0.09,
708,0.024045664826815794,,,,,,0.09257518186085414,
709,0.028726187741355113,,,,,0.085,0.09033227021203741,
710,0.05001471651033661,0.1,0.1,,0.09,0.08499999999999999,0.09,
711,0.04140864480469858,,,,,0.085,0.09,
712,0.032345380662634315,,,,,0.08499999999999999,0.09,
713,0.04334669154734281,,,,,0.085,0.09,
714,0.04013576372092574,,,,,0.085,0.09,
715,0.04112150132857884,,,,,0.08499999999999999,0.09,
716,0.02631950180397272,,,,,,0.09148647072857752,
717,0.022026381944711612,,,,,,0.09252446691685513,
718,0.028433230882809378,,,,,0.085,0.0904730002613002,
719,0.029482675221675768,,,,,0.085,0.09,
720,0.021236210458487018,,,,,,0.09242794919685338,
721,0.04216082386057616,,,,,0.085,0.09,
722,0.0490027999141976,0.1,0.1,,0.09,0.085,0.09,
723,0.0318835088106747,,,,,0.085,0.09,
724,0.025120144738883132,,,,,,0.0920607218298901,
725,0.02458475509635119,,,,,,0.09231706591690504,
726,0.03577933495635375,,,,,0.085,0.09,
727,0.03808496420700319,,,,,0.085,0.09,
728,0.03635493125659999,,,,,0.085,0.09,
729,0.036114534924099335,,,,,0.085,0.09,
730,0.04007631750238734,,,,,0.085,0.09,
731,0.034276322983578855,,,,,0.085,0.09,
732,0.03888985786091101,,,,,0.08499999999999999,0.09,
733,0.028513776816672606,,,,,0.08500000000000002,0.09043430776133021,
734,0.022929422632683386,,,,,,0.09263473576553359,
735,0.04011799660290021,,,,,0.085,0.09,
736,0.029794309104404806,,,,,0.085,0.09,
737,0.03929008237411432,,,,,0.08499999999999999,0.09,
738,0.031346733519159245,,,,,0.08499999999999999,0.09,
739,0.033488995959063225,,,,,0.08499999999999999,0.09,
740,0.04035531854704192,,,,,0.08500000000000002,0.09,
741,0.03054233604210409,,,,,0.085,0.09,
742,0.029766873324642947,,,,,0.085,0.09,
743,0.0352947653763941,,,,,0.085,0.09,
744,0.03466913461718815,,,,,0.08500000000000002,0.09,
745,0.03276173688194939,,,,,0.085,0.09,
746,0.04830088737263537,,0.1,,0.09,0.085,0.09,
747,0.02830430175160021,,,,,0.085,0.09053493498806012,
748,0.03216340272883635,,,,,0.085,0.09,
749,0.03574369792460572,,,,,0.08500000000000002,0.09,
750,0.03001561533334126,,,,,0.085,0.09,
751,0.04126409531848906,,,,,0.085,0.09,
752,0.02541913650274978,,,,,,0.09191756483796376,
753,0.03026457531166499,,,,,0.085,0.09,
754,0.03960581968805405,,,,,0.085,0.09,
755,0.0288143084820529,,,,,0.08500000000000002,0.0902899389410065,
756,0.03302189901046884,,,,,0.08499999999999999,0.09,
757,0.02808888545335121,,,,,,0.09063841625289576,
758,0.03380785009990955,,,,,0.085,0.09,
759,0.02604812178504919,,,,,,0.09161640724146197,
760,0.029593322899279646,,,,,0.08500000000000002,0.09,
761,0.055688713488268565,0.1,0.1,,0.09,0.08500000000000002,0.09,
762,0.028510328325777958,,,,,0.085,0.09043596434071838,
763,0.028530692399713793,,,,,0.08500000000000002,0.09042618188625595,
764,0.031371144246822885,,,,,0.085,0.09,
765,0.029614711559939857,,,,,0.085,0.09,
766,0.042243066643147434,,,,,0.085,0.09,
767,0.03990707408139618,,,,,0.085,0.09,
768,0.047918222523005365,,0.1,,0.09,0.08500000000000002,0.09,
769,0.03439273214430222,,,,,0.085,0.09,
770,0.044710437899217914,,,,0.09,0.08499999999999999,0.09,
771,0.029894473834137642,,,,,0.08499999999999999,0.09,
772,0.027978195185975198,,,,,,0.09069158942951319,
773,0.023079375903437234,,,,,,0.09265304173198821,
774,0.043587986805168136,,,,,0.085,0.09,
775,0.029911223346395115,,,,,0.085,0.09,
776,0.02618402798060237,,,,,,0.0915513354753105,
777,0.042374947473823,,,,,0.085,0.09,
778,0.02997605254194405,,,,,0.085,0.09,
779,0.02955093830336796,,,,,0.085,0.09,
780,0.038806619527582305,,,,,0.085,0.09,
781,0.020243961682089293,,,,,,0.09230821281893008,
782,0.028039460952602607,,,,,,0.09066215869900085,
783,0.032153928390161235,,,,,0.08499999999999999,0.09,
784,0.04046665544626655,,,,,0.085,0.09,
785,0.04191616448374526,,,,,0.085,0.09,
786,0.03244220646134175,,,,,0.085,0.09,
787,0.038173339120099375,,,,,0.085,0.09,
788,0.02450970287547754,,,,,,0.0923530008538368,
789,0.03637858083846072,,,,,0.08499999999999999,0.09,
790,0.027301945218010017,,,,,,0.09101607769141634,
791,0.04610275628820357,,,,0.09,0.085,0.09,
792,0.028665166631945477,,,,,0.08499999999999999,0.09036158341458855,
793,0.04141720119718839,,,,,0.085,0.09,
794,0.0269263890708626,,,,,,0.09119589364229666,
795,0.031139750100950842,,,,,0.085,0.09,
796,0.02713992750889682,,,,,,0.09109365162715118,
797,0.03754526015905665,,,,,0.085,0.08999999999999998,
798,0.035772557453317505,,,,,0.085,0.09,
799,0.04266955132162167,,,,,0.085,0.09,
800,0.02645567358651888,,,,,,0.09142127179960888,
801,0.03675090933632043,,,,,0.08499999999999999,0.09,
802,0.04175630842647353,,,,,0.08499999999999999,0.09,
803,0.041009542474354475,,,,,0.085,0.09,
804,0.04583631949923532,,,,0.09,0.085,0.09,
805,0.033629964821826244,,,,,0.085,0.09,
806,0.04092087101822046,,,,,0.08500000000000002,0.09,
807,0.042247229422352595,,,,,0.085,0.09,
808,0.02925506035551279,,,,,0.085,0.09007821140824764,
809,0.04391817287628334,,,,0.09,0.085,0.09,
810,0.02983497715206832,,,,,0.085,0.09,
811,0.029551809911392037,,,,,0.085,0.09,
812,0.026215149156764306,,,,,,0.09153643468370695,
813,0.049534298583736196,0.1,0.1,,0.09,0.08499999999999999,0.09,
814,0.047096143881998946,,0.1,,0.09,0.085,0.09,
815,0.04244649843221078,,,,,0.085,0.09000000000000001,
816,0.031875650899983704,,,,,0.085,0.09,
817,0.03727875903489589,,,,,0.085,0.09,
818,0.02598897154706349,,,,,,0.0916447283230605,
819,0.03056499594915528,,,,,0.085,0.09,
820,0.02512249970767906,,,,,,0.09205959427291481,
821,0.0340382871082313,,,,,0.08500000000000002,0.09,
822,0.0469991539859971,,0.1,,0.09,0.08500000000000002,0.09,
823,0.031365621258467424,,,,,0.085,0.09,
824,0.04337698242536597,,,,,0.08499999999999999,0.09,
825,0.03266767720768099,,,,,0.085,0.09,
826,0.036034762987965874,,,,,0.085,0.09,
827,0.03679814295972741,,,,,0.08500000000000002,0.09,
828,0.03516787369292825,,,,,0.08500000000000002,0.09,
829,0.03957957150704009,,,,,0.08499999999999999,0.09,
830,0.04178467183891149,,,,,0.085,0.09,
831,0.03477329287024279,,,,,0.085,0.09,
832,0.029410548826780986,,,,,0.08499999999999999,0.09000351815706385,
833,0.029540368874600056,,,,,0.085,0.09,
834,0.022584590778618734,,,,,,0.09259262509261,
835,0.04486856221799664,,,,0.09,0.08499999999999999,0.09,
836,0.03921258922296199,,,,,0.085,0.09,
837,0.038103711506333245,,,,,0.08500000000000002,0.09,
838,0.025277424083326665,,,,,,0.09198541661896553,
839,0.03127011294176837,,,,,0.08499999999999999,0.09,
840,0.0394157367195148,,,,,0.085,0.09,
841,0.03287968729735647,,,,,0.085,0.09,
842,0.02535212687247014,,,,,,0.09194964898963694,
843,0.036586619504437416,,,,,0.085,0.09,
844,0.04763713815458931,,0.1,,0.09,0.08500000000000002,0.09,
845,0.026831520947749203,,,,,,0.09124131641568337,
846,0.03452234445565233,,,,,0.08499999999999999,0.09,
847,0.03035526442066696,,,,,0.085,0.09,
848,0.02933903714125531,,,,,0.08499999999999999,0.09003787080228558,
849,0.03751367969289969,,,,,0.085,0.09,
850,0.029776235197655355,,,,,0.085,0.09,
851,0.019377831208334865,,,,,,0.09218597649408417,
852,0.02826007542009992,,,,,0.085,0.0905561803476726,
853,0.02612492263813248,,,,,,0.09157963506097581,
854,0.03652629840711945,,,,,0.085,0.09,
855,0.03553446340680332,,,,,0.085,0.09,
856,0.026143241663880913,,,,,,0.09157086392766012,
857,0.037874149906171495,,,,,0.085,0.09,
858,0.01933632796610015,,,,,,0.09217978339849296,
859,0.02887795138399803,,,,,0.085,0.09025936628682653,
860,0.04125852080285688,,,,,0.08500000000000002,0.09,
861,0.027406030643450548,,,,,,0.09096624168183286,
862,0.041855703606248774,,,,,0.08499999999999999,0.09,
863,0.04131594597861142,,,,,0.08500000000000002,0.09,
864,0.029304077345566334,,,,,0.085,0.0900546647213423,
865,0.0310084879943451,,,,,0.085,0.09,
866,0.02929874592505774,,,,,0.085,0.09005722581881768,
867,0.035351160312587004,,,,,0.085,0.09,
868,0.02559019050456199,,,,,,0.09183566433328191,
869,0.029933660922736402,,,,,0.085,0.09,
870,0.04066117934293565,,,,,0.085,0.09,
871,0.029307611398240764,,,,,0.085,0.09005296703995179,
872,0.026831704720829727,,,,,,0.09124122842529507,
873,0.030425779155923066,,,,,0.085,0.09,
874,0.040863228008413396,,,,,0.08499999999999999,0.09,
875,0.030382604869817503,,,,,0.085,0.09,
876,0.017737408655527035,,,,,,0.0919411933607062,
877,0.030046151511891724,,,,,0.08499999999999999,0.09,
878,0.043165017760129085,,,,,0.085,0.09,
879,0.029501164899878973,,,,,0.085,0.09000000000000001,
880,0.03472604230878449,,,,,0.085,0.09,
881,0.025647009974747472,,,,,,0.09180845922124334,
882,0.02970983577158365,,,,,0.08499999999999999,0.09,
883,0.021679241595368652,,,,,,0.0924820751362246,
884,0.03356638819596623,,,,,0.085,0.09,
885,0.045210081465354685,,,,0.09,0.085,0.09000000000000001,
886,0.03054297457892222,,,,,0.085,0.09,
887,0.03027730226066734,,,,,0.085,0.09,
888,0.029897256943149035,,,,,0.08500000000000002,0.09,
889,0.037279793734633526,,,,,0.08499999999999999,0.09,
890,0.030300629818198407,,,,,0.085,0.09,
891,0.034681775891453735,,,,,0.085,0.09,
892,0.03351327126951564,,,,,0.085,0.09,
893,0.04392404230126215,,,,0.09,0.08499999999999999,0.09,
894,0.04141640801941823,,,,,0.08500000000000002,0.09,
895,0.02858458844861029,,,,,0.085,0.09040029140649751,
896,0.04419806260294265,,,,0.09,0.085,0.09,
897,0.02481595909514745,,,,,,0.09220636564690105,
898,0.03826703486398371,,,,,0.08499999999999999,0.09,
899,0.02692482015981513,,,,,,0.09119664483551768,
900,0.04071706519614113,,,,,0.08499999999999999,0.09,
901,0.03255099052405803,,,,,0.085,0.09,
902,0.027176819041660145,,,,,,0.09107598799391377,
903,0.03429514674295975,,,,,0.085,0.09,
904,0.03792460894766912,,,,,0.085,0.09,
905,0.03721629241370274,,,,,0.085,0.09,
906,0.02728859327706361,,,,,,0.09102247058892476,
907,0.02105965767928293,,,,,,0.09240650147203922,
908,0.03342496253398544,,,,,0.085,0.09,
909,0.02814831764394548,,,,,,0.09060986633209292,
910,0.051709407425433104,0.1,0.1,,0.09,0.085,0.09,
911,0.03819480935700086,,,,,0.085,0.09,
912,0.03125578080944826,,,,,0.08499999999999999,0.09,
913,0.040963301546437986,,,,,0.085,0.09,
914,0.025791809677809578,,,,,,0.09173912925156753,
915,0.036101713375145644,,,,,0.085,0.09,
916,0.0330811848193345,,,,,0.08499999999999999,0.09,
917,0.04046941546222755,,,,,0.085,0.09000000000000001,
918,0.03440489047261601,,,,,0.085,0.09,
919,0.03701738655874095,,,,,0.085,0.09,
920,0.03610540233901257,,,,,0.085,0.09,
921,0.046582509684595354,,0.1,,0.09,0.08500000000000002,0.09000000000000001,
922,0.017348084234970237,,,,,,0.09188292495275568,
923,0.049202746346628946,0.1,0.1,,0.09,0.08500000000000002,0.09,
924,0.026429616100845564,,,,,,0.0914337481006879,
925,0.02257789522402283,,,,,,0.09259180763995609,
926,0.021813301627061986,,,,,,0.09249844684084976,
927,0.02462592962730503,,,,,,0.09229735158792454,
928,0.04840959835864103,,0.1,,0.09,0.08499999999999999,0.09,
929,0.04329579804657679,,,,,0.08499999999999999,0.09,
930,0.02554021994146662,,,,,,0.09185959019466713,
931,0.029813715012505855,,,,,0.085,0.09,
932,0.029373268548501346,,,,,0.085,0.0900214267850607,
933,0.028744393019366647,,,,,0.08500000000000002,0.09032352479578698,
934,0.039862337516933605,,,,,0.08500000000000002,0.09,
935,0.033628359363432704,,,,,0.085,0.09,
936,0.032110729570845424,,,,,0.085,0.09,
937,0.025793670533915125,,,,,,0.09173823827531105,
938,0.038861012790442705,,,,,0.085,0.09,
939,0.039713804969443975,,,,,0.085,0.08999999999999998,
940,0.04360275808501349,,,,,0.08499999999999999,0.09,
941,0.028274646467728117,,,,,0.08499999999999999,0.09054918073598676,
942,0.03979590150852401,,,,,0.08500000000000002,0.09,
943,0.028003206159673586,,,,,,0.09067957470632779,
944,0.02925109486415622,,,,,0.085,0.09008011634331804,
945,0.03953263878536524,,,,,0.08499999999999999,0.09,
946,0.03308984991805007,,,,,0.085,0.09,
947,0.03988574387603253,,,,,0.085,0.09,
948,0.029315330902306008,,,,,0.085,0.09004925875951496,
949,0.03968346403578686,,,,,0.08499999999999999,0.09,
950,0.032079630458835204,,,,,0.085,0.09,
951,0.03048688191734137,,,,,0.085,0.09,
952,0.029926941687451056,,,,,0.085,0.09,
953,0.04440912705096324,,,,0.09,0.085,0.09,
954,0.03823213826119849,,,,,0.08499999999999999,0.09,
955,0.030479189303910824,,,,,0.085,0.09,
956,0.029127554641164167,,,,,0.085,0.09013946235676831,
957,0.046392851465280105,,,,0.09,0.08500000000000002,0.09,
958,0.045108954247503365,,,,0.09,0.08499999999999999,0.09,
959,0.04139921335213261,,,,,0.085,0.09000000000000001,
960,0.0431715085532689,,,,,0.08499999999999999,0.09,
961,0.03481390722088393,,,,,0.08500000000000002,0.09,
962,0.03624534237769315,,,,,0.085,0.09,
963,0.023780532959955938,,,,,,0.09270212676406023,
964,0.04303422993001299,,,,,0.085,0.09,
965,0.04038915055535404,,,,,0.085,0.09,
966,0.0484748424500898,,0.1,,0.09,0.08499999999999999,0.09,
967,0.026369627806341306,,,,,,0.09146247044300584,
968,0.04624332725837807,,,,0.09,0.085,0.09000000000000001,
969,0.030450556125446615,,,,,0.085,0.09,
970,0.03499954700502796,,,,,0.085,0.09,
971,0.03252538522775596,,,,,0.08499999999999999,0.09,
972,0.025385438462068068,,,,,,0.0919336994300188,
973,0.03973308240677419,,,,,0.085,0.09,
974,0.02449137400963518,,,,,,0.09236177669858076,
975,0.03140765093155293,,,,,0.085,0.09,
976,0.030943827810356084,,,,,0.085,0.09,
977,0.03981229999538828,,,,,0.085,0.09,
978,0.046419305571923884,,,,0.09,0.08499999999999999,0.09,
979,0.03787160929970715,,,,,0.08500000000000002,0.09,
980,0.03815358632846978,,,,,0.08500000000000002,0.09000000000000001,
981,0.030538449421980397,,,,,0.085,0.09,
982,0.03576846163343012,,,,,0.085,0.09,
983,0.040726039864151686,,,,,0.085,0.09,
984,0.0428210645742373,,,,,0.085,0.09000000000000001,
985,0.03462810155263417,,,,,0.08499999999999999,0.09,
986,0.02702117576936116,,,,,,0.09115050985494347,
987,0.03290597310445004,,,,,0.085,0.09,
988,0.04503488574337119,,,,0.09,0.085,0.09,
989,0.038299646520378684,,,,,0.08500000000000002,0.09,
990,0.0183708491425681,,,,,,0.09203571507217688,
991,0.0317444671107441,,,,,0.085,0.09,
992,0.03836561818841648,,,,,0.085,0.09,
993,0.033443303267567004,,,,,0.085,0.09,
994,0.04185068609783875,,,,,0.085,0.09,
995,0.03048444087964411,,,,,0.085,0.09,
996,0.03083731977087953,,,,,0.085,0.09,
997,0.02201218995044994,,,,,,0.09252273387659393,
998,0.04080011198765043,,,,,0.085,0.09,
999,0.025066326189958507,,,,,,0.09208649010348484,
